date,channel,campaign,spend,date_quarter,date_month_name,date_day_name,date_day_of_week,date_week,date_hour,date_is_weekend
2025-01-01 00:00:00+00:00,Google Ads,Competitor Search,2185.43,1,January,Wednesday,2,1,0,False
2025-01-01 00:00:00+00:00,Facebook Ads,Winter Sale,4778.21,1,January,Wednesday,2,1,0,False
2025-01-01 00:00:00+00:00,Tiktok Ads,Influencer Push,3793.97,1,January,Wednesday,2,1,0,False
2025-01-01 00:00:00+00:00,Organic,Organic Landing,0.0,1,January,Wednesday,2,1,0,False
2025-01-02 00:00:00+00:00,Google Ads,Brand Search,3193.96,1,January,Thursday,3,1,0,False
2025-01-02 00:00:00+00:00,Facebook Ads,Winter Sale,1202.08,1,January,Thursday,3,1,0,False
2025-01-02 00:00:00+00:00,Tiktok Ads,Influencer Push,1201.98,1,January,Thursday,3,1,0,False
2025-01-02 00:00:00+00:00,Organic,SEO Blog,0.0,1,January,Thursday,3,1,0,False
2025-01-03 00:00:00+00:00,Google Ads,Competitor Search,761.38,1,January,Friday,4,1,0,False
2025-01-03 00:00:00+00:00,Facebook Ads,Lookalike Audience,4397.79,1,January,Friday,4,1,0,False
2025-01-03 00:00:00+00:00,Tiktok Ads,UGC Campaign,3205.02,1,January,Friday,4,1,0,False
2025-01-03 00:00:00+00:00,Organic,SEO Blog,0.0,1,January,Friday,4,1,0,False
2025-01-04 00:00:00+00:00,Google Ads,Competitor Search,3686.33,1,January,Saturday,5,1,0,True
2025-01-04 00:00:00+00:00,Facebook Ads,Retargeting,592.63,1,January,Saturday,5,1,0,True
2025-01-04 00:00:00+00:00,Tiktok Ads,Influencer Push,4864.59,1,January,Saturday,5,1,0,True
2025-01-04 00:00:00+00:00,Organic,SEO Blog,0.0,1,January,Saturday,5,1,0,True
2025-01-05 00:00:00+00:00,Google Ads,Brand Search,4245.99,1,January,Sunday,6,1,0,True
2025-01-05 00:00:00+00:00,Facebook Ads,Winter Sale,1455.53,1,January,Sunday,6,1,0,True
2025-01-05 00:00:00+00:00,Tiktok Ads,Influencer Push,1318.21,1,January,Sunday,6,1,0,True
2025-01-05 00:00:00+00:00,Organic,SEO Blog,0.0,1,January,Sunday,6,1,0,True
2025-01-06 00:00:00+00:00,Google Ads,Competitor Search,1325.32,1,January,Monday,0,2,0,False
2025-01-06 00:00:00+00:00,Facebook Ads,Winter Sale,1869.09,1,January,Monday,0,2,0,False
2025-01-06 00:00:00+00:00,Tiktok Ads,UGC Campaign,2861.4,1,January,Monday,0,2,0,False
2025-01-06 00:00:00+00:00,Organic,Organic Landing,0.0,1,January,Monday,0,2,0,False
2025-01-07 00:00:00+00:00,Google Ads,Brand Search,2443.75,1,January,Tuesday,1,2,0,False
2025-01-07 00:00:00+00:00,Facebook Ads,Retargeting,1810.53,1,January,Tuesday,1,2,0,False
2025-01-07 00:00:00+00:00,Tiktok Ads,UGC Campaign,3253.34,1,January,Tuesday,1,2,0,False
2025-01-07 00:00:00+00:00,Organic,Organic Landing,0.0,1,January,Tuesday,1,2,0,False
2025-01-08 00:00:00+00:00,Google Ads,Brand Search,1127.72,1,January,Wednesday,2,2,0,False
2025-01-08 00:00:00+00:00,Facebook Ads,Winter Sale,1814.65,1,January,Wednesday,2,2,0,False
2025-01-08 00:00:00+00:00,Tiktok Ads,UGC Campaign,2148.63,1,January,Wednesday,2,2,0,False
2025-01-08 00:00:00+00:00,Organic,Organic Landing,0.0,1,January,Wednesday,2,2,0,False
2025-01-09 00:00:00+00:00,Google Ads,Generic Search,2552.31,1,January,Thursday,3,2,0,False
2025-01-09 00:00:00+00:00,Facebook Ads,Retargeting,4033.29,1,January,Thursday,3,2,0,False
2025-01-09 00:00:00+00:00,Tiktok Ads,Influencer Push,1398.53,1,January,Thursday,3,2,0,False
2025-01-09 00:00:00+00:00,Organic,SEO Blog,0.0,1,January,Thursday,3,2,0,False
2025-01-10 00:00:00+00:00,Google Ads,Generic Search,2814.05,1,January,Friday,4,2,0,False
2025-01-10 00:00:00+00:00,Facebook Ads,Winter Sale,3165.87,1,January,Friday,4,2,0,False
2025-01-10 00:00:00+00:00,Tiktok Ads,Influencer Push,709.03,1,January,Friday,4,2,0,False
2025-01-10 00:00:00+00:00,Organic,Organic Landing,0.0,1,January,Friday,4,2,0,False
2025-01-11 00:00:00+00:00,Google Ads,Brand Search,3233.95,1,January,Saturday,5,2,0,True
2025-01-11 00:00:00+00:00,Facebook Ads,Retargeting,1267.36,1,January,Saturday,5,2,0,True
2025-01-11 00:00:00+00:00,Tiktok Ads,Awareness Blast,792.73,1,January,Saturday,5,2,0,True
2025-01-11 00:00:00+00:00,Organic,Organic Landing,0.0,1,January,Saturday,5,2,0,True
2025-01-12 00:00:00+00:00,Google Ads,Brand Search,4769.98,1,January,Sunday,6,2,0,True
2025-01-12 00:00:00+00:00,Facebook Ads,Lookalike Audience,4845.34,1,January,Sunday,6,2,0,True
2025-01-12 00:00:00+00:00,Tiktok Ads,Awareness Blast,4137.79,1,January,Sunday,6,2,0,True
2025-01-12 00:00:00+00:00,Organic,SEO Blog,0.0,1,January,Sunday,6,2,0,True
2025-01-13 00:00:00+00:00,Google Ads,Generic Search,1870.76,1,January,Monday,0,3,0,False
2025-01-13 00:00:00+00:00,Facebook Ads,Winter Sale,939.52,1,January,Monday,0,3,0,False
2025-01-13 00:00:00+00:00,Tiktok Ads,UGC Campaign,3579.05,1,January,Monday,0,3,0,False
2025-01-13 00:00:00+00:00,Organic,Organic Landing,0.0,1,January,Monday,0,3,0,False
2025-01-14 00:00:00+00:00,Google Ads,Competitor Search,2480.69,1,January,Tuesday,1,3,0,False
2025-01-14 00:00:00+00:00,Facebook Ads,Lookalike Audience,1049.17,1,January,Tuesday,1,3,0,False
2025-01-14 00:00:00+00:00,Tiktok Ads,Awareness Blast,2728.3,1,January,Tuesday,1,3,0,False
2025-01-14 00:00:00+00:00,Organic,SEO Blog,0.0,1,January,Tuesday,1,3,0,False
2025-01-15 00:00:00+00:00,Google Ads,Competitor Search,654.75,1,January,Wednesday,2,3,0,False
2025-01-15 00:00:00+00:00,Facebook Ads,Winter Sale,4591.94,1,January,Wednesday,2,3,0,False
2025-01-15 00:00:00+00:00,Tiktok Ads,Influencer Push,1664.51,1,January,Wednesday,2,3,0,False
2025-01-15 00:00:00+00:00,Organic,SEO Blog,0.0,1,January,Wednesday,2,3,0,False
2025-01-16 00:00:00+00:00,Google Ads,Generic Search,3481.35,1,January,Thursday,3,3,0,False
2025-01-16 00:00:00+00:00,Facebook Ads,Winter Sale,1902.7,1,January,Thursday,3,3,0,False
2025-01-16 00:00:00+00:00,Tiktok Ads,Influencer Push,2840.31,1,January,Thursday,3,3,0,False
2025-01-16 00:00:00+00:00,Organic,SEO Blog,0.0,1,January,Thursday,3,3,0,False
2025-01-17 00:00:00+00:00,Google Ads,Generic Search,2960.2,1,January,Friday,4,3,0,False
2025-01-17 00:00:00+00:00,Facebook Ads,Retargeting,1331.85,1,January,Friday,4,3,0,False
2025-01-17 00:00:00+00:00,Tiktok Ads,Awareness Blast,4863.13,1,January,Friday,4,3,0,False
2025-01-17 00:00:00+00:00,Organic,Organic Landing,0.0,1,January,Friday,4,3,0,False
2025-01-18 00:00:00+00:00,Google Ads,Brand Search,3988.1,1,January,Saturday,5,3,0,True
2025-01-18 00:00:00+00:00,Facebook Ads,Retargeting,4727.75,1,January,Saturday,5,3,0,True
2025-01-18 00:00:00+00:00,Tiktok Ads,Awareness Blast,4526.72,1,January,Saturday,5,3,0,True
2025-01-18 00:00:00+00:00,Organic,SEO Blog,0.0,1,January,Saturday,5,3,0,True
2025-01-19 00:00:00+00:00,Google Ads,Competitor Search,3190.55,1,January,Sunday,6,3,0,True
2025-01-19 00:00:00+00:00,Facebook Ads,Retargeting,4648.43,1,January,Sunday,6,3,0,True
2025-01-19 00:00:00+00:00,Tiktok Ads,UGC Campaign,898.22,1,January,Sunday,6,3,0,True
2025-01-19 00:00:00+00:00,Organic,SEO Blog,0.0,1,January,Sunday,6,3,0,True
2025-01-20 00:00:00+00:00,Google Ads,Competitor Search,1381.92,1,January,Monday,0,4,0,False
2025-01-20 00:00:00+00:00,Facebook Ads,Lookalike Audience,703.52,1,January,Monday,0,4,0,False
2025-01-20 00:00:00+00:00,Tiktok Ads,Influencer Push,1963.99,1,January,Monday,0,4,0,False
2025-01-20 00:00:00+00:00,Organic,SEO Blog,0.0,1,January,Monday,0,4,0,False
2025-01-21 00:00:00+00:00,Google Ads,Brand Search,2249.05,1,January,Tuesday,1,4,0,False
2025-01-21 00:00:00+00:00,Facebook Ads,Retargeting,1721.07,1,January,Tuesday,1,4,0,False
2025-01-21 00:00:00+00:00,Tiktok Ads,Awareness Blast,4229.32,1,January,Tuesday,1,4,0,False
2025-01-21 00:00:00+00:00,Organic,Organic Landing,0.0,1,January,Tuesday,1,4,0,False
2025-01-22 00:00:00+00:00,Google Ads,Competitor Search,2105.39,1,January,Wednesday,2,4,0,False
2025-01-22 00:00:00+00:00,Facebook Ads,Lookalike Audience,1764.21,1,January,Wednesday,2,4,0,False
2025-01-22 00:00:00+00:00,Tiktok Ads,UGC Campaign,2942.13,1,January,Wednesday,2,4,0,False
2025-01-22 00:00:00+00:00,Organic,SEO Blog,0.0,1,January,Wednesday,2,4,0,False
2025-01-23 00:00:00+00:00,Google Ads,Competitor Search,1134.16,1,January,Thursday,3,4,0,False
2025-01-23 00:00:00+00:00,Facebook Ads,Retargeting,4109.89,1,January,Thursday,3,4,0,False
2025-01-23 00:00:00+00:00,Tiktok Ads,Influencer Push,835.48,1,January,Thursday,3,4,0,False
2025-01-23 00:00:00+00:00,Organic,SEO Blog,0.0,1,January,Thursday,3,4,0,False
2025-01-24 00:00:00+00:00,Google Ads,Brand Search,4940.99,1,January,Friday,4,4,0,False
2025-01-24 00:00:00+00:00,Facebook Ads,Retargeting,3975.1,1,January,Friday,4,4,0,False
2025-01-24 00:00:00+00:00,Tiktok Ads,Awareness Blast,1394.22,1,January,Friday,4,4,0,False
2025-01-24 00:00:00+00:00,Organic,Organic Landing,0.0,1,January,Friday,4,4,0,False
2025-01-25 00:00:00+00:00,Google Ads,Brand Search,524.85,1,January,Saturday,5,4,0,True
2025-01-25 00:00:00+00:00,Facebook Ads,Winter Sale,4169.58,1,January,Saturday,5,4,0,True
2025-01-25 00:00:00+00:00,Tiktok Ads,UGC Campaign,3680.86,1,January,Saturday,5,4,0,True
2025-01-25 00:00:00+00:00,Organic,Organic Landing,0.0,1,January,Saturday,5,4,0,True
2025-01-26 00:00:00+00:00,Google Ads,Brand Search,3780.53,1,January,Sunday,6,4,0,True
2025-01-26 00:00:00+00:00,Facebook Ads,Lookalike Audience,3970.72,1,January,Sunday,6,4,0,True
2025-01-26 00:00:00+00:00,Tiktok Ads,Awareness Blast,833.2,1,January,Sunday,6,4,0,True
2025-01-26 00:00:00+00:00,Organic,Organic Landing,0.0,1,January,Sunday,6,4,0,True
2025-01-27 00:00:00+00:00,Google Ads,Competitor Search,2113.1,1,January,Monday,0,5,0,False
2025-01-27 00:00:00+00:00,Facebook Ads,Retargeting,1021.41,1,January,Monday,0,5,0,False
2025-01-27 00:00:00+00:00,Tiktok Ads,Influencer Push,4383.97,1,January,Monday,0,5,0,False
2025-01-27 00:00:00+00:00,Organic,Organic Landing,0.0,1,January,Monday,0,5,0,False
2025-01-28 00:00:00+00:00,Google Ads,Brand Search,3304.84,1,January,Tuesday,1,5,0,False
2025-01-28 00:00:00+00:00,Facebook Ads,Winter Sale,1989.04,1,January,Tuesday,1,5,0,False
2025-01-28 00:00:00+00:00,Tiktok Ads,UGC Campaign,786.01,1,January,Tuesday,1,5,0,False
2025-01-28 00:00:00+00:00,Organic,Organic Landing,0.0,1,January,Tuesday,1,5,0,False
2025-01-29 00:00:00+00:00,Google Ads,Competitor Search,1899.42,1,January,Wednesday,2,5,0,False
2025-01-29 00:00:00+00:00,Facebook Ads,Lookalike Audience,1963.32,1,January,Wednesday,2,5,0,False
2025-01-29 00:00:00+00:00,Tiktok Ads,Awareness Blast,3783.23,1,January,Wednesday,2,5,0,False
2025-01-29 00:00:00+00:00,Organic,Organic Landing,0.0,1,January,Wednesday,2,5,0,False
2025-01-30 00:00:00+00:00,Google Ads,Generic Search,3369.01,1,January,Thursday,3,5,0,False
2025-01-30 00:00:00+00:00,Facebook Ads,Winter Sale,4492.46,1,January,Thursday,3,5,0,False
2025-01-30 00:00:00+00:00,Tiktok Ads,Influencer Push,2624.97,1,January,Thursday,3,5,0,False
2025-01-30 00:00:00+00:00,Organic,Organic Landing,0.0,1,January,Thursday,3,5,0,False
2025-01-31 00:00:00+00:00,Google Ads,Brand Search,1038.17,1,January,Friday,4,5,0,False
2025-01-31 00:00:00+00:00,Facebook Ads,Winter Sale,3709.6,1,January,Friday,4,5,0,False
2025-01-31 00:00:00+00:00,Tiktok Ads,Influencer Push,3923.53,1,January,Friday,4,5,0,False
2025-01-31 00:00:00+00:00,Organic,SEO Blog,0.0,1,January,Friday,4,5,0,False
2025-02-01 00:00:00+00:00,Google Ads,Competitor Search,3025.75,1,February,Saturday,5,5,0,True
2025-02-01 00:00:00+00:00,Facebook Ads,Winter Sale,3969.35,1,February,Saturday,5,5,0,True
2025-02-01 00:00:00+00:00,Tiktok Ads,UGC Campaign,2722.08,1,February,Saturday,5,5,0,True
2025-02-01 00:00:00+00:00,Organic,Organic Landing,0.0,1,February,Saturday,5,5,0,True
2025-02-02 00:00:00+00:00,Google Ads,Competitor Search,2852.3,1,February,Sunday,6,5,0,True
2025-02-02 00:00:00+00:00,Facebook Ads,Winter Sale,2423.93,1,February,Sunday,6,5,0,True
2025-02-02 00:00:00+00:00,Tiktok Ads,Awareness Blast,614.39,1,February,Sunday,6,5,0,True
2025-02-02 00:00:00+00:00,Organic,Organic Landing,0.0,1,February,Sunday,6,5,0,True
2025-02-03 00:00:00+00:00,Google Ads,Competitor Search,985.51,1,February,Monday,0,6,0,False
2025-02-03 00:00:00+00:00,Facebook Ads,Retargeting,641.43,1,February,Monday,0,6,0,False
2025-02-03 00:00:00+00:00,Tiktok Ads,UGC Campaign,3363.85,1,February,Monday,0,6,0,False
2025-02-03 00:00:00+00:00,Organic,Organic Landing,0.0,1,February,Monday,0,6,0,False
2025-02-04 00:00:00+00:00,Google Ads,Competitor Search,1914.6,1,February,Tuesday,1,6,0,False
2025-02-04 00:00:00+00:00,Facebook Ads,Winter Sale,2788.57,1,February,Tuesday,1,6,0,False
2025-02-04 00:00:00+00:00,Tiktok Ads,UGC Campaign,4584.05,1,February,Tuesday,1,6,0,False
2025-02-04 00:00:00+00:00,Organic,SEO Blog,0.0,1,February,Tuesday,1,6,0,False
2025-02-05 00:00:00+00:00,Google Ads,Competitor Search,1621.82,1,February,Wednesday,2,6,0,False
2025-02-05 00:00:00+00:00,Facebook Ads,Lookalike Audience,2346.72,1,February,Wednesday,2,6,0,False
2025-02-05 00:00:00+00:00,Tiktok Ads,Awareness Blast,3899.98,1,February,Wednesday,2,6,0,False
2025-02-05 00:00:00+00:00,Organic,Organic Landing,0.0,1,February,Wednesday,2,6,0,False
2025-02-06 00:00:00+00:00,Google Ads,Brand Search,1529.59,1,February,Thursday,3,6,0,False
2025-02-06 00:00:00+00:00,Facebook Ads,Retargeting,846.41,1,February,Thursday,3,6,0,False
2025-02-06 00:00:00+00:00,Tiktok Ads,Awareness Blast,1803.88,1,February,Thursday,3,6,0,False
2025-02-06 00:00:00+00:00,Organic,SEO Blog,0.0,1,February,Thursday,3,6,0,False
2025-02-07 00:00:00+00:00,Google Ads,Generic Search,1225.5,1,February,Friday,4,6,0,False
2025-02-07 00:00:00+00:00,Facebook Ads,Winter Sale,4683.64,1,February,Friday,4,6,0,False
2025-02-07 00:00:00+00:00,Tiktok Ads,UGC Campaign,4136.54,1,February,Friday,4,6,0,False
2025-02-07 00:00:00+00:00,Organic,Organic Landing,0.0,1,February,Friday,4,6,0,False
2025-02-08 00:00:00+00:00,Google Ads,Competitor Search,3350.32,1,February,Saturday,5,6,0,True
2025-02-08 00:00:00+00:00,Facebook Ads,Winter Sale,4421.57,1,February,Saturday,5,6,0,True
2025-02-08 00:00:00+00:00,Tiktok Ads,UGC Campaign,4116.52,1,February,Saturday,5,6,0,True
2025-02-08 00:00:00+00:00,Organic,SEO Blog,0.0,1,February,Saturday,5,6,0,True
2025-02-09 00:00:00+00:00,Google Ads,Competitor Search,1339.57,1,February,Sunday,6,6,0,True
2025-02-09 00:00:00+00:00,Facebook Ads,Retargeting,4516.52,1,February,Sunday,6,6,0,True
2025-02-09 00:00:00+00:00,Tiktok Ads,UGC Campaign,2927.04,1,February,Sunday,6,6,0,True
2025-02-09 00:00:00+00:00,Organic,SEO Blog,0.0,1,February,Sunday,6,6,0,True
2025-02-10 00:00:00+00:00,Google Ads,Brand Search,4133.48,1,February,Monday,0,7,0,False
2025-02-10 00:00:00+00:00,Facebook Ads,Retargeting,4532.41,1,February,Monday,0,7,0,False
2025-02-10 00:00:00+00:00,Tiktok Ads,Influencer Push,1931.02,1,February,Monday,0,7,0,False
2025-02-10 00:00:00+00:00,Organic,SEO Blog,0.0,1,February,Monday,0,7,0,False
2025-02-11 00:00:00+00:00,Google Ads,Competitor Search,995.23,1,February,Tuesday,1,7,0,False
2025-02-11 00:00:00+00:00,Facebook Ads,Retargeting,1525.71,1,February,Tuesday,1,7,0,False
2025-02-11 00:00:00+00:00,Tiktok Ads,Awareness Blast,2421.99,1,February,Tuesday,1,7,0,False
2025-02-11 00:00:00+00:00,Organic,SEO Blog,0.0,1,February,Tuesday,1,7,0,False
2025-02-12 00:00:00+00:00,Google Ads,Brand Search,4181.07,1,February,Wednesday,2,7,0,False
2025-02-12 00:00:00+00:00,Facebook Ads,Retargeting,4373.29,1,February,Wednesday,2,7,0,False
2025-02-12 00:00:00+00:00,Tiktok Ads,Awareness Blast,531.28,1,February,Wednesday,2,7,0,False
2025-02-12 00:00:00+00:00,Organic,SEO Blog,0.0,1,February,Wednesday,2,7,0,False
2025-02-13 00:00:00+00:00,Google Ads,Brand Search,2798.36,1,February,Thursday,3,7,0,False
2025-02-13 00:00:00+00:00,Facebook Ads,Winter Sale,2378.35,1,February,Thursday,3,7,0,False
2025-02-13 00:00:00+00:00,Tiktok Ads,UGC Campaign,1499.49,1,February,Thursday,3,7,0,False
2025-02-13 00:00:00+00:00,Organic,SEO Blog,0.0,1,February,Thursday,3,7,0,False
2025-02-14 00:00:00+00:00,Google Ads,Brand Search,1039.39,1,February,Friday,4,7,0,False
2025-02-14 00:00:00+00:00,Facebook Ads,Lookalike Audience,2019.27,1,February,Friday,4,7,0,False
2025-02-14 00:00:00+00:00,Tiktok Ads,Awareness Blast,4743.09,1,February,Friday,4,7,0,False
2025-02-14 00:00:00+00:00,Organic,SEO Blog,0.0,1,February,Friday,4,7,0,False
2025-02-15 00:00:00+00:00,Google Ads,Competitor Search,1954.41,1,February,Saturday,5,7,0,True
2025-02-15 00:00:00+00:00,Facebook Ads,Winter Sale,2834.56,1,February,Saturday,5,7,0,True
2025-02-15 00:00:00+00:00,Tiktok Ads,Influencer Push,3663.59,1,February,Saturday,5,7,0,True
2025-02-15 00:00:00+00:00,Organic,Organic Landing,0.0,1,February,Saturday,5,7,0,True
2025-02-16 00:00:00+00:00,Google Ads,Competitor Search,2136.33,1,February,Sunday,6,7,0,True
2025-02-16 00:00:00+00:00,Facebook Ads,Winter Sale,4873.02,1,February,Sunday,6,7,0,True
2025-02-16 00:00:00+00:00,Tiktok Ads,Awareness Blast,4831.01,1,February,Sunday,6,7,0,True
2025-02-16 00:00:00+00:00,Organic,Organic Landing,0.0,1,February,Sunday,6,7,0,True
2025-02-17 00:00:00+00:00,Google Ads,Brand Search,1633.02,1,February,Monday,0,8,0,False
2025-02-17 00:00:00+00:00,Facebook Ads,Lookalike Audience,2737.62,1,February,Monday,0,8,0,False
2025-02-17 00:00:00+00:00,Tiktok Ads,UGC Campaign,1853.95,1,February,Monday,0,8,0,False
2025-02-17 00:00:00+00:00,Organic,SEO Blog,0.0,1,February,Monday,0,8,0,False
2025-02-18 00:00:00+00:00,Google Ads,Competitor Search,1781.78,1,February,Tuesday,1,8,0,False
2025-02-18 00:00:00+00:00,Facebook Ads,Retargeting,665.99,1,February,Tuesday,1,8,0,False
2025-02-18 00:00:00+00:00,Tiktok Ads,Awareness Blast,3243.04,1,February,Tuesday,1,8,0,False
2025-02-18 00:00:00+00:00,Organic,Organic Landing,0.0,1,February,Tuesday,1,8,0,False
2025-02-19 00:00:00+00:00,Google Ads,Generic Search,2762.06,1,February,Wednesday,2,8,0,False
2025-02-19 00:00:00+00:00,Facebook Ads,Lookalike Audience,731.65,1,February,Wednesday,2,8,0,False
2025-02-19 00:00:00+00:00,Tiktok Ads,Awareness Blast,1753.91,1,February,Wednesday,2,8,0,False
2025-02-19 00:00:00+00:00,Organic,SEO Blog,0.0,1,February,Wednesday,2,8,0,False
2025-02-20 00:00:00+00:00,Google Ads,Brand Search,4587.2,1,February,Thursday,3,8,0,False
2025-02-20 00:00:00+00:00,Facebook Ads,Winter Sale,1578.03,1,February,Thursday,3,8,0,False
2025-02-20 00:00:00+00:00,Tiktok Ads,Influencer Push,1152.03,1,February,Thursday,3,8,0,False
2025-02-20 00:00:00+00:00,Organic,Organic Landing,0.0,1,February,Thursday,3,8,0,False
2025-02-21 00:00:00+00:00,Google Ads,Brand Search,2702.54,1,February,Friday,4,8,0,False
2025-02-21 00:00:00+00:00,Facebook Ads,Lookalike Audience,4935.43,1,February,Friday,4,8,0,False
2025-02-21 00:00:00+00:00,Tiktok Ads,UGC Campaign,1589.25,1,February,Friday,4,8,0,False
2025-02-21 00:00:00+00:00,Organic,SEO Blog,0.0,1,February,Friday,4,8,0,False
2025-02-22 00:00:00+00:00,Google Ads,Competitor Search,3524.61,1,February,Saturday,5,8,0,True
2025-02-22 00:00:00+00:00,Facebook Ads,Winter Sale,3927.29,1,February,Saturday,5,8,0,True
2025-02-22 00:00:00+00:00,Tiktok Ads,Influencer Push,1569.37,1,February,Saturday,5,8,0,True
2025-02-22 00:00:00+00:00,Organic,SEO Blog,0.0,1,February,Saturday,5,8,0,True
2025-02-23 00:00:00+00:00,Google Ads,Competitor Search,3776.97,1,February,Sunday,6,8,0,True
2025-02-23 00:00:00+00:00,Facebook Ads,Lookalike Audience,2155.02,1,February,Sunday,6,8,0,True
2025-02-23 00:00:00+00:00,Tiktok Ads,Influencer Push,3345.38,1,February,Sunday,6,8,0,True
2025-02-23 00:00:00+00:00,Organic,SEO Blog,0.0,1,February,Sunday,6,8,0,True
2025-02-24 00:00:00+00:00,Google Ads,Brand Search,3350.88,1,February,Monday,0,9,0,False
2025-02-24 00:00:00+00:00,Facebook Ads,Winter Sale,2910.99,1,February,Monday,0,9,0,False
2025-02-24 00:00:00+00:00,Tiktok Ads,Awareness Blast,906.3,1,February,Monday,0,9,0,False
2025-02-24 00:00:00+00:00,Organic,SEO Blog,0.0,1,February,Monday,0,9,0,False
2025-02-25 00:00:00+00:00,Google Ads,Competitor Search,4258.86,1,February,Tuesday,1,9,0,False
2025-02-25 00:00:00+00:00,Facebook Ads,Winter Sale,1943.51,1,February,Tuesday,1,9,0,False
2025-02-25 00:00:00+00:00,Tiktok Ads,Awareness Blast,1339.33,1,February,Tuesday,1,9,0,False
2025-02-25 00:00:00+00:00,Organic,Organic Landing,0.0,1,February,Tuesday,1,9,0,False
2025-02-26 00:00:00+00:00,Google Ads,Brand Search,683.49,1,February,Wednesday,2,9,0,False
2025-02-26 00:00:00+00:00,Facebook Ads,Lookalike Audience,3159.02,1,February,Wednesday,2,9,0,False
2025-02-26 00:00:00+00:00,Tiktok Ads,Influencer Push,3549.04,1,February,Wednesday,2,9,0,False
2025-02-26 00:00:00+00:00,Organic,Organic Landing,0.0,1,February,Wednesday,2,9,0,False
2025-02-27 00:00:00+00:00,Google Ads,Brand Search,574.65,1,February,Thursday,3,9,0,False
2025-02-27 00:00:00+00:00,Facebook Ads,Retargeting,2804.42,1,February,Thursday,3,9,0,False
2025-02-27 00:00:00+00:00,Tiktok Ads,Awareness Blast,1519.23,1,February,Thursday,3,9,0,False
2025-02-27 00:00:00+00:00,Organic,SEO Blog,0.0,1,February,Thursday,3,9,0,False
2025-02-28 00:00:00+00:00,Google Ads,Brand Search,3403.28,1,February,Friday,4,9,0,False
2025-02-28 00:00:00+00:00,Facebook Ads,Winter Sale,1284.65,1,February,Friday,4,9,0,False
2025-02-28 00:00:00+00:00,Tiktok Ads,UGC Campaign,3609.22,1,February,Friday,4,9,0,False
2025-02-28 00:00:00+00:00,Organic,Organic Landing,0.0,1,February,Friday,4,9,0,False
2025-03-01 00:00:00+00:00,Google Ads,Generic Search,2240.31,1,March,Saturday,5,9,0,True
2025-03-01 00:00:00+00:00,Facebook Ads,Retargeting,4715.28,1,March,Saturday,5,9,0,True
2025-03-01 00:00:00+00:00,Tiktok Ads,Awareness Blast,1118.84,1,March,Saturday,5,9,0,True
2025-03-01 00:00:00+00:00,Organic,Organic Landing,0.0,1,March,Saturday,5,9,0,True
2025-03-02 00:00:00+00:00,Google Ads,Competitor Search,2034.8,1,March,Sunday,6,9,0,True
2025-03-02 00:00:00+00:00,Facebook Ads,Winter Sale,1010.63,1,March,Sunday,6,9,0,True
2025-03-02 00:00:00+00:00,Tiktok Ads,UGC Campaign,4661.12,1,March,Sunday,6,9,0,True
2025-03-02 00:00:00+00:00,Organic,SEO Blog,0.0,1,March,Sunday,6,9,0,True
2025-03-03 00:00:00+00:00,Google Ads,Brand Search,4448.03,1,March,Monday,0,10,0,False
2025-03-03 00:00:00+00:00,Facebook Ads,Retargeting,1660.74,1,March,Monday,0,10,0,False
2025-03-03 00:00:00+00:00,Tiktok Ads,UGC Campaign,3469.93,1,March,Monday,0,10,0,False
2025-03-03 00:00:00+00:00,Organic,Organic Landing,0.0,1,March,Monday,0,10,0,False
2025-03-04 00:00:00+00:00,Google Ads,Brand Search,4177.5,1,March,Tuesday,1,10,0,False
2025-03-04 00:00:00+00:00,Facebook Ads,Winter Sale,2998.4,1,March,Tuesday,1,10,0,False
2025-03-04 00:00:00+00:00,Tiktok Ads,Influencer Push,2883.43,1,March,Tuesday,1,10,0,False
2025-03-04 00:00:00+00:00,Organic,SEO Blog,0.0,1,March,Tuesday,1,10,0,False
2025-03-05 00:00:00+00:00,Google Ads,Competitor Search,1588.34,1,March,Wednesday,2,10,0,False
2025-03-05 00:00:00+00:00,Facebook Ads,Retargeting,918.96,1,March,Wednesday,2,10,0,False
2025-03-05 00:00:00+00:00,Tiktok Ads,Influencer Push,4537.47,1,March,Wednesday,2,10,0,False
2025-03-05 00:00:00+00:00,Organic,Organic Landing,0.0,1,March,Wednesday,2,10,0,False
2025-03-06 00:00:00+00:00,Google Ads,Brand Search,4551.88,1,March,Thursday,3,10,0,False
2025-03-06 00:00:00+00:00,Facebook Ads,Retargeting,3348.96,1,March,Thursday,3,10,0,False
2025-03-06 00:00:00+00:00,Tiktok Ads,Awareness Blast,2025.63,1,March,Thursday,3,10,0,False
2025-03-06 00:00:00+00:00,Organic,SEO Blog,0.0,1,March,Thursday,3,10,0,False
2025-03-07 00:00:00+00:00,Google Ads,Brand Search,2071.44,1,March,Friday,4,10,0,False
2025-03-07 00:00:00+00:00,Facebook Ads,Retargeting,3766.8,1,March,Friday,4,10,0,False
2025-03-07 00:00:00+00:00,Tiktok Ads,UGC Campaign,4537.0,1,March,Friday,4,10,0,False
2025-03-07 00:00:00+00:00,Organic,SEO Blog,0.0,1,March,Friday,4,10,0,False
2025-03-08 00:00:00+00:00,Google Ads,Brand Search,4491.89,1,March,Saturday,5,10,0,True
2025-03-08 00:00:00+00:00,Facebook Ads,Lookalike Audience,4009.44,1,March,Saturday,5,10,0,True
2025-03-08 00:00:00+00:00,Tiktok Ads,UGC Campaign,3389.14,1,March,Saturday,5,10,0,True
2025-03-08 00:00:00+00:00,Organic,SEO Blog,0.0,1,March,Saturday,5,10,0,True
2025-03-09 00:00:00+00:00,Google Ads,Brand Search,878.63,1,March,Sunday,6,10,0,True
2025-03-09 00:00:00+00:00,Facebook Ads,Winter Sale,1227.33,1,March,Sunday,6,10,0,True
2025-03-09 00:00:00+00:00,Tiktok Ads,Influencer Push,4543.49,1,March,Sunday,6,10,0,True
2025-03-09 00:00:00+00:00,Organic,Organic Landing,0.0,1,March,Sunday,6,10,0,True
2025-03-10 00:00:00+00:00,Google Ads,Generic Search,3228.93,1,March,Monday,0,11,0,False
2025-03-10 00:00:00+00:00,Facebook Ads,Retargeting,541.39,1,March,Monday,0,11,0,False
2025-03-10 00:00:00+00:00,Tiktok Ads,Influencer Push,956.62,1,March,Monday,0,11,0,False
2025-03-10 00:00:00+00:00,Organic,Organic Landing,0.0,1,March,Monday,0,11,0,False
2025-03-11 00:00:00+00:00,Google Ads,Brand Search,3485.76,1,March,Tuesday,1,11,0,False
2025-03-11 00:00:00+00:00,Facebook Ads,Winter Sale,522.78,1,March,Tuesday,1,11,0,False
2025-03-11 00:00:00+00:00,Tiktok Ads,Awareness Blast,1223.64,1,March,Tuesday,1,11,0,False
2025-03-11 00:00:00+00:00,Organic,SEO Blog,0.0,1,March,Tuesday,1,11,0,False
2025-03-12 00:00:00+00:00,Google Ads,Generic Search,2969.3,1,March,Wednesday,2,11,0,False
2025-03-12 00:00:00+00:00,Facebook Ads,Retargeting,3613.53,1,March,Wednesday,2,11,0,False
2025-03-12 00:00:00+00:00,Tiktok Ads,Awareness Blast,3433.83,1,March,Wednesday,2,11,0,False
2025-03-12 00:00:00+00:00,Organic,Organic Landing,0.0,1,March,Wednesday,2,11,0,False
2025-03-13 00:00:00+00:00,Google Ads,Generic Search,1509.21,1,March,Thursday,3,11,0,False
2025-03-13 00:00:00+00:00,Facebook Ads,Lookalike Audience,3704.81,1,March,Thursday,3,11,0,False
2025-03-13 00:00:00+00:00,Tiktok Ads,UGC Campaign,1567.62,1,March,Thursday,3,11,0,False
2025-03-13 00:00:00+00:00,Organic,Organic Landing,0.0,1,March,Thursday,3,11,0,False
2025-03-14 00:00:00+00:00,Google Ads,Brand Search,1964.3,1,March,Friday,4,11,0,False
2025-03-14 00:00:00+00:00,Facebook Ads,Winter Sale,3859.21,1,March,Friday,4,11,0,False
2025-03-14 00:00:00+00:00,Tiktok Ads,Awareness Blast,3423.35,1,March,Friday,4,11,0,False
2025-03-14 00:00:00+00:00,Organic,SEO Blog,0.0,1,March,Friday,4,11,0,False
2025-03-15 00:00:00+00:00,Google Ads,Brand Search,4321.51,1,March,Saturday,5,11,0,True
2025-03-15 00:00:00+00:00,Facebook Ads,Lookalike Audience,3459.26,1,March,Saturday,5,11,0,True
2025-03-15 00:00:00+00:00,Tiktok Ads,UGC Campaign,3057.39,1,March,Saturday,5,11,0,True
2025-03-15 00:00:00+00:00,Organic,SEO Blog,0.0,1,March,Saturday,5,11,0,True
2025-03-16 00:00:00+00:00,Google Ads,Competitor Search,921.54,1,March,Sunday,6,11,0,True
2025-03-16 00:00:00+00:00,Facebook Ads,Retargeting,2154.72,1,March,Sunday,6,11,0,True
2025-03-16 00:00:00+00:00,Tiktok Ads,Influencer Push,1693.41,1,March,Sunday,6,11,0,True
2025-03-16 00:00:00+00:00,Organic,SEO Blog,0.0,1,March,Sunday,6,11,0,True
2025-03-17 00:00:00+00:00,Google Ads,Competitor Search,1597.95,1,March,Monday,0,12,0,False
2025-03-17 00:00:00+00:00,Facebook Ads,Retargeting,4878.55,1,March,Monday,0,12,0,False
2025-03-17 00:00:00+00:00,Tiktok Ads,UGC Campaign,2268.94,1,March,Monday,0,12,0,False
2025-03-17 00:00:00+00:00,Organic,SEO Blog,0.0,1,March,Monday,0,12,0,False
2025-03-18 00:00:00+00:00,Google Ads,Brand Search,4514.21,1,March,Tuesday,1,12,0,False
2025-03-18 00:00:00+00:00,Facebook Ads,Lookalike Audience,3340.12,1,March,Tuesday,1,12,0,False
2025-03-18 00:00:00+00:00,Tiktok Ads,Influencer Push,4076.65,1,March,Tuesday,1,12,0,False
2025-03-18 00:00:00+00:00,Organic,SEO Blog,0.0,1,March,Tuesday,1,12,0,False
2025-03-19 00:00:00+00:00,Google Ads,Brand Search,2761.87,1,March,Wednesday,2,12,0,False
2025-03-19 00:00:00+00:00,Facebook Ads,Lookalike Audience,3096.07,1,March,Wednesday,2,12,0,False
2025-03-19 00:00:00+00:00,Tiktok Ads,Influencer Push,2716.33,1,March,Wednesday,2,12,0,False
2025-03-19 00:00:00+00:00,Organic,SEO Blog,0.0,1,March,Wednesday,2,12,0,False
2025-03-20 00:00:00+00:00,Google Ads,Generic Search,1378.59,1,March,Thursday,3,12,0,False
2025-03-20 00:00:00+00:00,Facebook Ads,Winter Sale,3751.03,1,March,Thursday,3,12,0,False
2025-03-20 00:00:00+00:00,Tiktok Ads,UGC Campaign,1763.48,1,March,Thursday,3,12,0,False
2025-03-20 00:00:00+00:00,Organic,SEO Blog,0.0,1,March,Thursday,3,12,0,False
2025-03-21 00:00:00+00:00,Google Ads,Competitor Search,609.42,1,March,Friday,4,12,0,False
2025-03-21 00:00:00+00:00,Facebook Ads,Lookalike Audience,3404.63,1,March,Friday,4,12,0,False
2025-03-21 00:00:00+00:00,Tiktok Ads,Influencer Push,1297.0,1,March,Friday,4,12,0,False
2025-03-21 00:00:00+00:00,Organic,SEO Blog,0.0,1,March,Friday,4,12,0,False
2025-03-22 00:00:00+00:00,Google Ads,Generic Search,4732.06,1,March,Saturday,5,12,0,True
2025-03-22 00:00:00+00:00,Facebook Ads,Lookalike Audience,4792.68,1,March,Saturday,5,12,0,True
2025-03-22 00:00:00+00:00,Tiktok Ads,UGC Campaign,4616.89,1,March,Saturday,5,12,0,True
2025-03-22 00:00:00+00:00,Organic,Organic Landing,0.0,1,March,Saturday,5,12,0,True
2025-03-23 00:00:00+00:00,Google Ads,Generic Search,2165.71,1,March,Sunday,6,12,0,True
2025-03-23 00:00:00+00:00,Facebook Ads,Winter Sale,569.55,1,March,Sunday,6,12,0,True
2025-03-23 00:00:00+00:00,Tiktok Ads,UGC Campaign,4677.43,1,March,Sunday,6,12,0,True
2025-03-23 00:00:00+00:00,Organic,Organic Landing,0.0,1,March,Sunday,6,12,0,True
2025-03-24 00:00:00+00:00,Google Ads,Brand Search,2426.83,1,March,Monday,0,13,0,False
2025-03-24 00:00:00+00:00,Facebook Ads,Retargeting,4849.95,1,March,Monday,0,13,0,False
2025-03-24 00:00:00+00:00,Tiktok Ads,Awareness Blast,4836.29,1,March,Monday,0,13,0,False
2025-03-24 00:00:00+00:00,Organic,SEO Blog,0.0,1,March,Monday,0,13,0,False
2025-03-25 00:00:00+00:00,Google Ads,Competitor Search,4338.54,1,March,Tuesday,1,13,0,False
2025-03-25 00:00:00+00:00,Facebook Ads,Lookalike Audience,1825.02,1,March,Tuesday,1,13,0,False
2025-03-25 00:00:00+00:00,Tiktok Ads,Awareness Blast,2232.94,1,March,Tuesday,1,13,0,False
2025-03-25 00:00:00+00:00,Organic,Organic Landing,0.0,1,March,Tuesday,1,13,0,False
2025-03-26 00:00:00+00:00,Google Ads,Generic Search,4330.12,1,March,Wednesday,2,13,0,False
2025-03-26 00:00:00+00:00,Facebook Ads,Winter Sale,1926.15,1,March,Wednesday,2,13,0,False
2025-03-26 00:00:00+00:00,Tiktok Ads,Influencer Push,1262.72,1,March,Wednesday,2,13,0,False
2025-03-26 00:00:00+00:00,Organic,Organic Landing,0.0,1,March,Wednesday,2,13,0,False
2025-03-27 00:00:00+00:00,Google Ads,Competitor Search,3005.61,1,March,Thursday,3,13,0,False
2025-03-27 00:00:00+00:00,Facebook Ads,Lookalike Audience,4712.7,1,March,Thursday,3,13,0,False
2025-03-27 00:00:00+00:00,Tiktok Ads,Influencer Push,3632.13,1,March,Thursday,3,13,0,False
2025-03-27 00:00:00+00:00,Organic,SEO Blog,0.0,1,March,Thursday,3,13,0,False
2025-03-28 00:00:00+00:00,Google Ads,Competitor Search,3065.28,1,March,Friday,4,13,0,False
2025-03-28 00:00:00+00:00,Facebook Ads,Winter Sale,937.29,1,March,Friday,4,13,0,False
2025-03-28 00:00:00+00:00,Tiktok Ads,UGC Campaign,3267.53,1,March,Friday,4,13,0,False
2025-03-28 00:00:00+00:00,Organic,Organic Landing,0.0,1,March,Friday,4,13,0,False
2025-03-29 00:00:00+00:00,Google Ads,Brand Search,4955.24,1,March,Saturday,5,13,0,True
2025-03-29 00:00:00+00:00,Facebook Ads,Retargeting,1130.38,1,March,Saturday,5,13,0,True
2025-03-29 00:00:00+00:00,Tiktok Ads,Influencer Push,2832.48,1,March,Saturday,5,13,0,True
2025-03-29 00:00:00+00:00,Organic,SEO Blog,0.0,1,March,Saturday,5,13,0,True
2025-03-30 00:00:00+00:00,Google Ads,Generic Search,4448.18,1,March,Sunday,6,13,0,True
2025-03-30 00:00:00+00:00,Facebook Ads,Retargeting,3833.46,1,March,Sunday,6,13,0,True
2025-03-30 00:00:00+00:00,Tiktok Ads,Influencer Push,3636.57,1,March,Sunday,6,13,0,True
2025-03-30 00:00:00+00:00,Organic,Organic Landing,0.0,1,March,Sunday,6,13,0,True
2025-03-31 00:00:00+00:00,Google Ads,Competitor Search,3661.18,1,March,Monday,0,14,0,False
2025-03-31 00:00:00+00:00,Facebook Ads,Lookalike Audience,2117.71,1,March,Monday,0,14,0,False
2025-03-31 00:00:00+00:00,Tiktok Ads,Awareness Blast,1821.16,1,March,Monday,0,14,0,False
2025-03-31 00:00:00+00:00,Organic,SEO Blog,0.0,1,March,Monday,0,14,0,False
2025-04-01 00:00:00+00:00,Google Ads,Competitor Search,4142.13,2,April,Tuesday,1,14,0,False
2025-04-01 00:00:00+00:00,Facebook Ads,Lookalike Audience,4145.51,2,April,Tuesday,1,14,0,False
2025-04-01 00:00:00+00:00,Tiktok Ads,Awareness Blast,4401.83,2,April,Tuesday,1,14,0,False
2025-04-01 00:00:00+00:00,Organic,SEO Blog,0.0,2,April,Tuesday,1,14,0,False
2025-04-02 00:00:00+00:00,Google Ads,Brand Search,4609.58,2,April,Wednesday,2,14,0,False
2025-04-02 00:00:00+00:00,Facebook Ads,Retargeting,2801.04,2,April,Wednesday,2,14,0,False
2025-04-02 00:00:00+00:00,Tiktok Ads,Influencer Push,2756.82,2,April,Wednesday,2,14,0,False
2025-04-02 00:00:00+00:00,Organic,SEO Blog,0.0,2,April,Wednesday,2,14,0,False
2025-04-03 00:00:00+00:00,Google Ads,Competitor Search,4092.33,2,April,Thursday,3,14,0,False
2025-04-03 00:00:00+00:00,Facebook Ads,Lookalike Audience,3424.84,2,April,Thursday,3,14,0,False
2025-04-03 00:00:00+00:00,Tiktok Ads,Influencer Push,3658.85,2,April,Thursday,3,14,0,False
2025-04-03 00:00:00+00:00,Organic,Organic Landing,0.0,2,April,Thursday,3,14,0,False
2025-04-04 00:00:00+00:00,Google Ads,Generic Search,4081.07,2,April,Friday,4,14,0,False
2025-04-04 00:00:00+00:00,Facebook Ads,Lookalike Audience,4505.02,2,April,Friday,4,14,0,False
2025-04-04 00:00:00+00:00,Tiktok Ads,Influencer Push,2020.98,2,April,Friday,4,14,0,False
2025-04-04 00:00:00+00:00,Organic,Organic Landing,0.0,2,April,Friday,4,14,0,False
2025-04-05 00:00:00+00:00,Google Ads,Brand Search,2190.12,2,April,Saturday,5,14,0,True
2025-04-05 00:00:00+00:00,Facebook Ads,Lookalike Audience,922.92,2,April,Saturday,5,14,0,True
2025-04-05 00:00:00+00:00,Tiktok Ads,UGC Campaign,3102.26,2,April,Saturday,5,14,0,True
2025-04-05 00:00:00+00:00,Organic,Organic Landing,0.0,2,April,Saturday,5,14,0,True
2025-04-06 00:00:00+00:00,Google Ads,Competitor Search,661.74,2,April,Sunday,6,14,0,True
2025-04-06 00:00:00+00:00,Facebook Ads,Retargeting,2595.19,2,April,Sunday,6,14,0,True
2025-04-06 00:00:00+00:00,Tiktok Ads,Awareness Blast,2941.9,2,April,Sunday,6,14,0,True
2025-04-06 00:00:00+00:00,Organic,SEO Blog,0.0,2,April,Sunday,6,14,0,True
2025-04-07 00:00:00+00:00,Google Ads,Brand Search,1789.44,2,April,Monday,0,15,0,False
2025-04-07 00:00:00+00:00,Facebook Ads,Lookalike Audience,3158.75,2,April,Monday,0,15,0,False
2025-04-07 00:00:00+00:00,Tiktok Ads,Awareness Blast,637.25,2,April,Monday,0,15,0,False
2025-04-07 00:00:00+00:00,Organic,Organic Landing,0.0,2,April,Monday,0,15,0,False
2025-04-08 00:00:00+00:00,Google Ads,Brand Search,668.07,2,April,Tuesday,1,15,0,False
2025-04-08 00:00:00+00:00,Facebook Ads,Winter Sale,4201.7,2,April,Tuesday,1,15,0,False
2025-04-08 00:00:00+00:00,Tiktok Ads,Awareness Blast,2120.86,2,April,Tuesday,1,15,0,False
2025-04-08 00:00:00+00:00,Organic,SEO Blog,0.0,2,April,Tuesday,1,15,0,False
2025-04-09 00:00:00+00:00,Google Ads,Competitor Search,1071.77,2,April,Wednesday,2,15,0,False
2025-04-09 00:00:00+00:00,Facebook Ads,Retargeting,2850.09,2,April,Wednesday,2,15,0,False
2025-04-09 00:00:00+00:00,Tiktok Ads,Influencer Push,3964.97,2,April,Wednesday,2,15,0,False
2025-04-09 00:00:00+00:00,Organic,Organic Landing,0.0,2,April,Wednesday,2,15,0,False
2025-04-10 00:00:00+00:00,Google Ads,Competitor Search,1471.19,2,April,Thursday,3,15,0,False
2025-04-10 00:00:00+00:00,Facebook Ads,Lookalike Audience,3303.01,2,April,Thursday,3,15,0,False
2025-04-10 00:00:00+00:00,Tiktok Ads,Awareness Blast,884.06,2,April,Thursday,3,15,0,False
2025-04-10 00:00:00+00:00,Organic,SEO Blog,0.0,2,April,Thursday,3,15,0,False
2025-04-11 00:00:00+00:00,Google Ads,Brand Search,732.57,2,April,Friday,4,15,0,False
2025-04-11 00:00:00+00:00,Facebook Ads,Winter Sale,2891.1,2,April,Friday,4,15,0,False
2025-04-11 00:00:00+00:00,Tiktok Ads,UGC Campaign,2932.86,2,April,Friday,4,15,0,False
2025-04-11 00:00:00+00:00,Organic,SEO Blog,0.0,2,April,Friday,4,15,0,False
2025-04-12 00:00:00+00:00,Google Ads,Competitor Search,3368.43,2,April,Saturday,5,15,0,True
2025-04-12 00:00:00+00:00,Facebook Ads,Winter Sale,3767.41,2,April,Saturday,5,15,0,True
2025-04-12 00:00:00+00:00,Tiktok Ads,Awareness Blast,4891.33,2,April,Saturday,5,15,0,True
2025-04-12 00:00:00+00:00,Organic,SEO Blog,0.0,2,April,Saturday,5,15,0,True
2025-04-13 00:00:00+00:00,Google Ads,Generic Search,2823.35,2,April,Sunday,6,15,0,True
2025-04-13 00:00:00+00:00,Facebook Ads,Winter Sale,1953.3,2,April,Sunday,6,15,0,True
2025-04-13 00:00:00+00:00,Tiktok Ads,Influencer Push,4078.34,2,April,Sunday,6,15,0,True
2025-04-13 00:00:00+00:00,Organic,Organic Landing,0.0,2,April,Sunday,6,15,0,True
2025-04-14 00:00:00+00:00,Google Ads,Generic Search,1718.75,2,April,Monday,0,16,0,False
2025-04-14 00:00:00+00:00,Facebook Ads,Winter Sale,2475.37,2,April,Monday,0,16,0,False
2025-04-14 00:00:00+00:00,Tiktok Ads,Awareness Blast,853.05,2,April,Monday,0,16,0,False
2025-04-14 00:00:00+00:00,Organic,SEO Blog,0.0,2,April,Monday,0,16,0,False
2025-04-15 00:00:00+00:00,Google Ads,Competitor Search,614.08,2,April,Tuesday,1,16,0,False
2025-04-15 00:00:00+00:00,Facebook Ads,Winter Sale,4831.92,2,April,Tuesday,1,16,0,False
2025-04-15 00:00:00+00:00,Tiktok Ads,UGC Campaign,4261.91,2,April,Tuesday,1,16,0,False
2025-04-15 00:00:00+00:00,Organic,SEO Blog,0.0,2,April,Tuesday,1,16,0,False
2025-04-16 00:00:00+00:00,Google Ads,Generic Search,3631.88,2,April,Wednesday,2,16,0,False
2025-04-16 00:00:00+00:00,Facebook Ads,Lookalike Audience,2340.29,2,April,Wednesday,2,16,0,False
2025-04-16 00:00:00+00:00,Tiktok Ads,Awareness Blast,1279.82,2,April,Wednesday,2,16,0,False
2025-04-16 00:00:00+00:00,Organic,SEO Blog,0.0,2,April,Wednesday,2,16,0,False
2025-04-17 00:00:00+00:00,Google Ads,Brand Search,1203.97,2,April,Thursday,3,16,0,False
2025-04-17 00:00:00+00:00,Facebook Ads,Winter Sale,1626.09,2,April,Thursday,3,16,0,False
2025-04-17 00:00:00+00:00,Tiktok Ads,Influencer Push,2971.52,2,April,Thursday,3,16,0,False
2025-04-17 00:00:00+00:00,Organic,Organic Landing,0.0,2,April,Thursday,3,16,0,False
2025-04-18 00:00:00+00:00,Google Ads,Brand Search,3715.68,2,April,Friday,4,16,0,False
2025-04-18 00:00:00+00:00,Facebook Ads,Winter Sale,3470.89,2,April,Friday,4,16,0,False
2025-04-18 00:00:00+00:00,Tiktok Ads,UGC Campaign,1759.7,2,April,Friday,4,16,0,False
2025-04-18 00:00:00+00:00,Organic,Organic Landing,0.0,2,April,Friday,4,16,0,False
2025-04-19 00:00:00+00:00,Google Ads,Generic Search,4796.89,2,April,Saturday,5,16,0,True
2025-04-19 00:00:00+00:00,Facebook Ads,Lookalike Audience,3820.54,2,April,Saturday,5,16,0,True
2025-04-19 00:00:00+00:00,Tiktok Ads,UGC Campaign,2994.59,2,April,Saturday,5,16,0,True
2025-04-19 00:00:00+00:00,Organic,SEO Blog,0.0,2,April,Saturday,5,16,0,True
2025-04-20 00:00:00+00:00,Google Ads,Generic Search,3252.74,2,April,Sunday,6,16,0,True
2025-04-20 00:00:00+00:00,Facebook Ads,Winter Sale,2388.2,2,April,Sunday,6,16,0,True
2025-04-20 00:00:00+00:00,Tiktok Ads,UGC Campaign,1614.79,2,April,Sunday,6,16,0,True
2025-04-20 00:00:00+00:00,Organic,SEO Blog,0.0,2,April,Sunday,6,16,0,True
2025-04-21 00:00:00+00:00,Google Ads,Generic Search,2101.88,2,April,Monday,0,17,0,False
2025-04-21 00:00:00+00:00,Facebook Ads,Winter Sale,3910.31,2,April,Monday,0,17,0,False
2025-04-21 00:00:00+00:00,Tiktok Ads,Awareness Blast,564.77,2,April,Monday,0,17,0,False
2025-04-21 00:00:00+00:00,Organic,SEO Blog,0.0,2,April,Monday,0,17,0,False
2025-04-22 00:00:00+00:00,Google Ads,Brand Search,1022.33,2,April,Tuesday,1,17,0,False
2025-04-22 00:00:00+00:00,Facebook Ads,Retargeting,707.01,2,April,Tuesday,1,17,0,False
2025-04-22 00:00:00+00:00,Tiktok Ads,Awareness Blast,683.28,2,April,Tuesday,1,17,0,False
2025-04-22 00:00:00+00:00,Organic,Organic Landing,0.0,2,April,Tuesday,1,17,0,False
2025-04-23 00:00:00+00:00,Google Ads,Brand Search,4349.57,2,April,Wednesday,2,17,0,False
2025-04-23 00:00:00+00:00,Facebook Ads,Winter Sale,3666.46,2,April,Wednesday,2,17,0,False
2025-04-23 00:00:00+00:00,Tiktok Ads,Influencer Push,2633.78,2,April,Wednesday,2,17,0,False
2025-04-23 00:00:00+00:00,Organic,SEO Blog,0.0,2,April,Wednesday,2,17,0,False
2025-04-24 00:00:00+00:00,Google Ads,Generic Search,940.25,2,April,Thursday,3,17,0,False
2025-04-24 00:00:00+00:00,Facebook Ads,Retargeting,2712.27,2,April,Thursday,3,17,0,False
2025-04-24 00:00:00+00:00,Tiktok Ads,Awareness Blast,2630.62,2,April,Thursday,3,17,0,False
2025-04-24 00:00:00+00:00,Organic,SEO Blog,0.0,2,April,Thursday,3,17,0,False
2025-04-25 00:00:00+00:00,Google Ads,Generic Search,1279.41,2,April,Friday,4,17,0,False
2025-04-25 00:00:00+00:00,Facebook Ads,Retargeting,2452.33,2,April,Friday,4,17,0,False
2025-04-25 00:00:00+00:00,Tiktok Ads,UGC Campaign,2293.27,2,April,Friday,4,17,0,False
2025-04-25 00:00:00+00:00,Organic,Organic Landing,0.0,2,April,Friday,4,17,0,False
2025-04-26 00:00:00+00:00,Google Ads,Competitor Search,3271.33,2,April,Saturday,5,17,0,True
2025-04-26 00:00:00+00:00,Facebook Ads,Lookalike Audience,3357.92,2,April,Saturday,5,17,0,True
2025-04-26 00:00:00+00:00,Tiktok Ads,Awareness Blast,703.87,2,April,Saturday,5,17,0,True
2025-04-26 00:00:00+00:00,Organic,SEO Blog,0.0,2,April,Saturday,5,17,0,True
2025-04-27 00:00:00+00:00,Google Ads,Brand Search,2185.76,2,April,Sunday,6,17,0,True
2025-04-27 00:00:00+00:00,Facebook Ads,Retargeting,3316.37,2,April,Sunday,6,17,0,True
2025-04-27 00:00:00+00:00,Tiktok Ads,Influencer Push,2764.11,2,April,Sunday,6,17,0,True
2025-04-27 00:00:00+00:00,Organic,Organic Landing,0.0,2,April,Sunday,6,17,0,True
2025-04-28 00:00:00+00:00,Google Ads,Brand Search,4354.2,2,April,Monday,0,18,0,False
2025-04-28 00:00:00+00:00,Facebook Ads,Winter Sale,3464.12,2,April,Monday,0,18,0,False
2025-04-28 00:00:00+00:00,Tiktok Ads,UGC Campaign,1233.2,2,April,Monday,0,18,0,False
2025-04-28 00:00:00+00:00,Organic,Organic Landing,0.0,2,April,Monday,0,18,0,False
2025-04-29 00:00:00+00:00,Google Ads,Generic Search,817.56,2,April,Tuesday,1,18,0,False
2025-04-29 00:00:00+00:00,Facebook Ads,Lookalike Audience,3390.89,2,April,Tuesday,1,18,0,False
2025-04-29 00:00:00+00:00,Tiktok Ads,Awareness Blast,619.3,2,April,Tuesday,1,18,0,False
2025-04-29 00:00:00+00:00,Organic,Organic Landing,0.0,2,April,Tuesday,1,18,0,False
2025-04-30 00:00:00+00:00,Google Ads,Competitor Search,3135.99,2,April,Wednesday,2,18,0,False
2025-04-30 00:00:00+00:00,Facebook Ads,Lookalike Audience,4731.04,2,April,Wednesday,2,18,0,False
2025-04-30 00:00:00+00:00,Tiktok Ads,Influencer Push,3089.63,2,April,Wednesday,2,18,0,False
2025-04-30 00:00:00+00:00,Organic,Organic Landing,0.0,2,April,Wednesday,2,18,0,False
2025-05-01 00:00:00+00:00,Google Ads,Competitor Search,2246.76,2,May,Thursday,3,18,0,False
2025-05-01 00:00:00+00:00,Facebook Ads,Winter Sale,3394.8,2,May,Thursday,3,18,0,False
2025-05-01 00:00:00+00:00,Tiktok Ads,Awareness Blast,2562.14,2,May,Thursday,3,18,0,False
2025-05-01 00:00:00+00:00,Organic,SEO Blog,0.0,2,May,Thursday,3,18,0,False
2025-05-02 00:00:00+00:00,Google Ads,Competitor Search,2955.28,2,May,Friday,4,18,0,False
2025-05-02 00:00:00+00:00,Facebook Ads,Retargeting,4736.59,2,May,Friday,4,18,0,False
2025-05-02 00:00:00+00:00,Tiktok Ads,Influencer Push,2237.46,2,May,Friday,4,18,0,False
2025-05-02 00:00:00+00:00,Organic,SEO Blog,0.0,2,May,Friday,4,18,0,False
2025-05-03 00:00:00+00:00,Google Ads,Generic Search,4825.36,2,May,Saturday,5,18,0,True
2025-05-03 00:00:00+00:00,Facebook Ads,Retargeting,4574.08,2,May,Saturday,5,18,0,True
2025-05-03 00:00:00+00:00,Tiktok Ads,Influencer Push,1381.06,2,May,Saturday,5,18,0,True
2025-05-03 00:00:00+00:00,Organic,Organic Landing,0.0,2,May,Saturday,5,18,0,True
2025-05-04 00:00:00+00:00,Google Ads,Competitor Search,812.13,2,May,Sunday,6,18,0,True
2025-05-04 00:00:00+00:00,Facebook Ads,Retargeting,953.5,2,May,Sunday,6,18,0,True
2025-05-04 00:00:00+00:00,Tiktok Ads,UGC Campaign,582.0,2,May,Sunday,6,18,0,True
2025-05-04 00:00:00+00:00,Organic,SEO Blog,0.0,2,May,Sunday,6,18,0,True
2025-05-05 00:00:00+00:00,Google Ads,Competitor Search,924.99,2,May,Monday,0,19,0,False
2025-05-05 00:00:00+00:00,Facebook Ads,Retargeting,3573.53,2,May,Monday,0,19,0,False
2025-05-05 00:00:00+00:00,Tiktok Ads,UGC Campaign,820.35,2,May,Monday,0,19,0,False
2025-05-05 00:00:00+00:00,Organic,Organic Landing,0.0,2,May,Monday,0,19,0,False
2025-05-06 00:00:00+00:00,Google Ads,Competitor Search,1935.39,2,May,Tuesday,1,19,0,False
2025-05-06 00:00:00+00:00,Facebook Ads,Retargeting,4301.94,2,May,Tuesday,1,19,0,False
2025-05-06 00:00:00+00:00,Tiktok Ads,Awareness Blast,604.72,2,May,Tuesday,1,19,0,False
2025-05-06 00:00:00+00:00,Organic,Organic Landing,0.0,2,May,Tuesday,1,19,0,False
2025-05-07 00:00:00+00:00,Google Ads,Competitor Search,4165.11,2,May,Wednesday,2,19,0,False
2025-05-07 00:00:00+00:00,Facebook Ads,Retargeting,1768.35,2,May,Wednesday,2,19,0,False
2025-05-07 00:00:00+00:00,Tiktok Ads,UGC Campaign,1031.74,2,May,Wednesday,2,19,0,False
2025-05-07 00:00:00+00:00,Organic,SEO Blog,0.0,2,May,Wednesday,2,19,0,False
2025-05-08 00:00:00+00:00,Google Ads,Brand Search,3635.32,2,May,Thursday,3,19,0,False
2025-05-08 00:00:00+00:00,Facebook Ads,Retargeting,3330.24,2,May,Thursday,3,19,0,False
2025-05-08 00:00:00+00:00,Tiktok Ads,UGC Campaign,4448.62,2,May,Thursday,3,19,0,False
2025-05-08 00:00:00+00:00,Organic,Organic Landing,0.0,2,May,Thursday,3,19,0,False
2025-05-09 00:00:00+00:00,Google Ads,Competitor Search,3807.82,2,May,Friday,4,19,0,False
2025-05-09 00:00:00+00:00,Facebook Ads,Lookalike Audience,4115.66,2,May,Friday,4,19,0,False
2025-05-09 00:00:00+00:00,Tiktok Ads,Influencer Push,1769.16,2,May,Friday,4,19,0,False
2025-05-09 00:00:00+00:00,Organic,Organic Landing,0.0,2,May,Friday,4,19,0,False
2025-05-10 00:00:00+00:00,Google Ads,Generic Search,1298.48,2,May,Saturday,5,19,0,True
2025-05-10 00:00:00+00:00,Facebook Ads,Lookalike Audience,3877.77,2,May,Saturday,5,19,0,True
2025-05-10 00:00:00+00:00,Tiktok Ads,Influencer Push,4130.76,2,May,Saturday,5,19,0,True
2025-05-10 00:00:00+00:00,Organic,Organic Landing,0.0,2,May,Saturday,5,19,0,True
2025-05-11 00:00:00+00:00,Google Ads,Generic Search,4957.27,2,May,Sunday,6,19,0,True
2025-05-11 00:00:00+00:00,Facebook Ads,Winter Sale,2356.78,2,May,Sunday,6,19,0,True
2025-05-11 00:00:00+00:00,Tiktok Ads,Awareness Blast,2174.08,2,May,Sunday,6,19,0,True
2025-05-11 00:00:00+00:00,Organic,Organic Landing,0.0,2,May,Sunday,6,19,0,True
2025-05-12 00:00:00+00:00,Google Ads,Generic Search,3993.86,2,May,Monday,0,20,0,False
2025-05-12 00:00:00+00:00,Facebook Ads,Retargeting,2033.62,2,May,Monday,0,20,0,False
2025-05-12 00:00:00+00:00,Tiktok Ads,Awareness Blast,4688.41,2,May,Monday,0,20,0,False
2025-05-12 00:00:00+00:00,Organic,SEO Blog,0.0,2,May,Monday,0,20,0,False
2025-05-13 00:00:00+00:00,Google Ads,Competitor Search,4362.86,2,May,Tuesday,1,20,0,False
2025-05-13 00:00:00+00:00,Facebook Ads,Retargeting,2430.47,2,May,Tuesday,1,20,0,False
2025-05-13 00:00:00+00:00,Tiktok Ads,UGC Campaign,3878.92,2,May,Tuesday,1,20,0,False
2025-05-13 00:00:00+00:00,Organic,SEO Blog,0.0,2,May,Tuesday,1,20,0,False
2025-05-14 00:00:00+00:00,Google Ads,Competitor Search,3895.44,2,May,Wednesday,2,20,0,False
2025-05-14 00:00:00+00:00,Facebook Ads,Winter Sale,964.06,2,May,Wednesday,2,20,0,False
2025-05-14 00:00:00+00:00,Tiktok Ads,Awareness Blast,4561.49,2,May,Wednesday,2,20,0,False
2025-05-14 00:00:00+00:00,Organic,Organic Landing,0.0,2,May,Wednesday,2,20,0,False
2025-05-15 00:00:00+00:00,Google Ads,Brand Search,2773.64,2,May,Thursday,3,20,0,False
2025-05-15 00:00:00+00:00,Facebook Ads,Winter Sale,4219.06,2,May,Thursday,3,20,0,False
2025-05-15 00:00:00+00:00,Tiktok Ads,UGC Campaign,1940.22,2,May,Thursday,3,20,0,False
2025-05-15 00:00:00+00:00,Organic,Organic Landing,0.0,2,May,Thursday,3,20,0,False
2025-05-16 00:00:00+00:00,Google Ads,Brand Search,4529.85,2,May,Friday,4,20,0,False
2025-05-16 00:00:00+00:00,Facebook Ads,Winter Sale,2251.41,2,May,Friday,4,20,0,False
2025-05-16 00:00:00+00:00,Tiktok Ads,Influencer Push,548.77,2,May,Friday,4,20,0,False
2025-05-16 00:00:00+00:00,Organic,SEO Blog,0.0,2,May,Friday,4,20,0,False
2025-05-17 00:00:00+00:00,Google Ads,Brand Search,4574.22,2,May,Saturday,5,20,0,True
2025-05-17 00:00:00+00:00,Facebook Ads,Winter Sale,910.79,2,May,Saturday,5,20,0,True
2025-05-17 00:00:00+00:00,Tiktok Ads,Awareness Blast,1936.91,2,May,Saturday,5,20,0,True
2025-05-17 00:00:00+00:00,Organic,SEO Blog,0.0,2,May,Saturday,5,20,0,True
2025-05-18 00:00:00+00:00,Google Ads,Generic Search,4775.28,2,May,Sunday,6,20,0,True
2025-05-18 00:00:00+00:00,Facebook Ads,Retargeting,4777.73,2,May,Sunday,6,20,0,True
2025-05-18 00:00:00+00:00,Tiktok Ads,UGC Campaign,3080.47,2,May,Sunday,6,20,0,True
2025-05-18 00:00:00+00:00,Organic,SEO Blog,0.0,2,May,Sunday,6,20,0,True
2025-05-19 00:00:00+00:00,Google Ads,Competitor Search,3343.27,2,May,Monday,0,21,0,False
2025-05-19 00:00:00+00:00,Facebook Ads,Lookalike Audience,2518.0,2,May,Monday,0,21,0,False
2025-05-19 00:00:00+00:00,Tiktok Ads,Awareness Blast,1819.45,2,May,Monday,0,21,0,False
2025-05-19 00:00:00+00:00,Organic,Organic Landing,0.0,2,May,Monday,0,21,0,False
2025-05-20 00:00:00+00:00,Google Ads,Generic Search,1978.99,2,May,Tuesday,1,21,0,False
2025-05-20 00:00:00+00:00,Facebook Ads,Winter Sale,3526.33,2,May,Tuesday,1,21,0,False
2025-05-20 00:00:00+00:00,Tiktok Ads,Influencer Push,3885.69,2,May,Tuesday,1,21,0,False
2025-05-20 00:00:00+00:00,Organic,SEO Blog,0.0,2,May,Tuesday,1,21,0,False
2025-05-21 00:00:00+00:00,Google Ads,Brand Search,4062.11,2,May,Wednesday,2,21,0,False
2025-05-21 00:00:00+00:00,Facebook Ads,Retargeting,4053.28,2,May,Wednesday,2,21,0,False
2025-05-21 00:00:00+00:00,Tiktok Ads,Influencer Push,910.43,2,May,Wednesday,2,21,0,False
2025-05-21 00:00:00+00:00,Organic,SEO Blog,0.0,2,May,Wednesday,2,21,0,False
2025-05-22 00:00:00+00:00,Google Ads,Competitor Search,2724.89,2,May,Thursday,3,21,0,False
2025-05-22 00:00:00+00:00,Facebook Ads,Lookalike Audience,759.01,2,May,Thursday,3,21,0,False
2025-05-22 00:00:00+00:00,Tiktok Ads,Awareness Blast,2972.88,2,May,Thursday,3,21,0,False
2025-05-22 00:00:00+00:00,Organic,SEO Blog,0.0,2,May,Thursday,3,21,0,False
2025-05-23 00:00:00+00:00,Google Ads,Competitor Search,2486.89,2,May,Friday,4,21,0,False
2025-05-23 00:00:00+00:00,Facebook Ads,Winter Sale,4494.67,2,May,Friday,4,21,0,False
2025-05-23 00:00:00+00:00,Tiktok Ads,Influencer Push,2079.12,2,May,Friday,4,21,0,False
2025-05-23 00:00:00+00:00,Organic,Organic Landing,0.0,2,May,Friday,4,21,0,False
2025-05-24 00:00:00+00:00,Google Ads,Brand Search,1026.8,2,May,Saturday,5,21,0,True
2025-05-24 00:00:00+00:00,Facebook Ads,Retargeting,1143.46,2,May,Saturday,5,21,0,True
2025-05-24 00:00:00+00:00,Tiktok Ads,UGC Campaign,3926.8,2,May,Saturday,5,21,0,True
2025-05-24 00:00:00+00:00,Organic,Organic Landing,0.0,2,May,Saturday,5,21,0,True
2025-05-25 00:00:00+00:00,Google Ads,Generic Search,3281.98,2,May,Sunday,6,21,0,True
2025-05-25 00:00:00+00:00,Facebook Ads,Lookalike Audience,955.05,2,May,Sunday,6,21,0,True
2025-05-25 00:00:00+00:00,Tiktok Ads,UGC Campaign,878.48,2,May,Sunday,6,21,0,True
2025-05-25 00:00:00+00:00,Organic,Organic Landing,0.0,2,May,Sunday,6,21,0,True
2025-05-26 00:00:00+00:00,Google Ads,Competitor Search,3654.36,2,May,Monday,0,22,0,False
2025-05-26 00:00:00+00:00,Facebook Ads,Retargeting,827.43,2,May,Monday,0,22,0,False
2025-05-26 00:00:00+00:00,Tiktok Ads,Influencer Push,4198.37,2,May,Monday,0,22,0,False
2025-05-26 00:00:00+00:00,Organic,Organic Landing,0.0,2,May,Monday,0,22,0,False
2025-05-27 00:00:00+00:00,Google Ads,Generic Search,3678.09,2,May,Tuesday,1,22,0,False
2025-05-27 00:00:00+00:00,Facebook Ads,Retargeting,866.07,2,May,Tuesday,1,22,0,False
2025-05-27 00:00:00+00:00,Tiktok Ads,Influencer Push,881.77,2,May,Tuesday,1,22,0,False
2025-05-27 00:00:00+00:00,Organic,Organic Landing,0.0,2,May,Tuesday,1,22,0,False
2025-05-28 00:00:00+00:00,Google Ads,Competitor Search,4939.88,2,May,Wednesday,2,22,0,False
2025-05-28 00:00:00+00:00,Facebook Ads,Retargeting,2184.22,2,May,Wednesday,2,22,0,False
2025-05-28 00:00:00+00:00,Tiktok Ads,UGC Campaign,2167.89,2,May,Wednesday,2,22,0,False
2025-05-28 00:00:00+00:00,Organic,SEO Blog,0.0,2,May,Wednesday,2,22,0,False
2025-05-29 00:00:00+00:00,Google Ads,Generic Search,4157.6,2,May,Thursday,3,22,0,False
2025-05-29 00:00:00+00:00,Facebook Ads,Retargeting,4762.62,2,May,Thursday,3,22,0,False
2025-05-29 00:00:00+00:00,Tiktok Ads,Influencer Push,4937.0,2,May,Thursday,3,22,0,False
2025-05-29 00:00:00+00:00,Organic,Organic Landing,0.0,2,May,Thursday,3,22,0,False
2025-05-30 00:00:00+00:00,Google Ads,Brand Search,3890.2,2,May,Friday,4,22,0,False
2025-05-30 00:00:00+00:00,Facebook Ads,Retargeting,2193.17,2,May,Friday,4,22,0,False
2025-05-30 00:00:00+00:00,Tiktok Ads,Awareness Blast,875.75,2,May,Friday,4,22,0,False
2025-05-30 00:00:00+00:00,Organic,Organic Landing,0.0,2,May,Friday,4,22,0,False
2025-05-31 00:00:00+00:00,Google Ads,Competitor Search,3997.16,2,May,Saturday,5,22,0,True
2025-05-31 00:00:00+00:00,Facebook Ads,Winter Sale,3012.82,2,May,Saturday,5,22,0,True
2025-05-31 00:00:00+00:00,Tiktok Ads,Influencer Push,2409.0,2,May,Saturday,5,22,0,True
2025-05-31 00:00:00+00:00,Organic,SEO Blog,0.0,2,May,Saturday,5,22,0,True
2025-06-01 00:00:00+00:00,Google Ads,Brand Search,4578.59,2,June,Sunday,6,22,0,True
2025-06-01 00:00:00+00:00,Facebook Ads,Retargeting,1000.39,2,June,Sunday,6,22,0,True
2025-06-01 00:00:00+00:00,Tiktok Ads,UGC Campaign,2716.81,2,June,Sunday,6,22,0,True
2025-06-01 00:00:00+00:00,Organic,SEO Blog,0.0,2,June,Sunday,6,22,0,True
2025-06-02 00:00:00+00:00,Google Ads,Competitor Search,551.09,2,June,Monday,0,23,0,False
2025-06-02 00:00:00+00:00,Facebook Ads,Winter Sale,2608.97,2,June,Monday,0,23,0,False
2025-06-02 00:00:00+00:00,Tiktok Ads,Influencer Push,753.36,2,June,Monday,0,23,0,False
2025-06-02 00:00:00+00:00,Organic,Organic Landing,0.0,2,June,Monday,0,23,0,False
2025-06-03 00:00:00+00:00,Google Ads,Generic Search,1034.68,2,June,Tuesday,1,23,0,False
2025-06-03 00:00:00+00:00,Facebook Ads,Retargeting,1028.87,2,June,Tuesday,1,23,0,False
2025-06-03 00:00:00+00:00,Tiktok Ads,UGC Campaign,3421.45,2,June,Tuesday,1,23,0,False
2025-06-03 00:00:00+00:00,Organic,Organic Landing,0.0,2,June,Tuesday,1,23,0,False
2025-06-04 00:00:00+00:00,Google Ads,Generic Search,3857.2,2,June,Wednesday,2,23,0,False
2025-06-04 00:00:00+00:00,Facebook Ads,Winter Sale,3125.16,2,June,Wednesday,2,23,0,False
2025-06-04 00:00:00+00:00,Tiktok Ads,Influencer Push,4829.78,2,June,Wednesday,2,23,0,False
2025-06-04 00:00:00+00:00,Organic,Organic Landing,0.0,2,June,Wednesday,2,23,0,False
2025-06-05 00:00:00+00:00,Google Ads,Generic Search,2186.92,2,June,Thursday,3,23,0,False
2025-06-05 00:00:00+00:00,Facebook Ads,Lookalike Audience,1785.7,2,June,Thursday,3,23,0,False
2025-06-05 00:00:00+00:00,Tiktok Ads,UGC Campaign,4408.7,2,June,Thursday,3,23,0,False
2025-06-05 00:00:00+00:00,Organic,SEO Blog,0.0,2,June,Thursday,3,23,0,False
2025-06-06 00:00:00+00:00,Google Ads,Competitor Search,1506.18,2,June,Friday,4,23,0,False
2025-06-06 00:00:00+00:00,Facebook Ads,Retargeting,4834.5,2,June,Friday,4,23,0,False
2025-06-06 00:00:00+00:00,Tiktok Ads,Awareness Blast,554.7,2,June,Friday,4,23,0,False
2025-06-06 00:00:00+00:00,Organic,SEO Blog,0.0,2,June,Friday,4,23,0,False
2025-06-07 00:00:00+00:00,Google Ads,Generic Search,4864.45,2,June,Saturday,5,23,0,True
2025-06-07 00:00:00+00:00,Facebook Ads,Retargeting,694.22,2,June,Saturday,5,23,0,True
2025-06-07 00:00:00+00:00,Tiktok Ads,Awareness Blast,4510.14,2,June,Saturday,5,23,0,True
2025-06-07 00:00:00+00:00,Organic,Organic Landing,0.0,2,June,Saturday,5,23,0,True
2025-06-08 00:00:00+00:00,Google Ads,Competitor Search,2874.65,2,June,Sunday,6,23,0,True
2025-06-08 00:00:00+00:00,Facebook Ads,Lookalike Audience,4968.34,2,June,Sunday,6,23,0,True
2025-06-08 00:00:00+00:00,Tiktok Ads,UGC Campaign,832.08,2,June,Sunday,6,23,0,True
2025-06-08 00:00:00+00:00,Organic,SEO Blog,0.0,2,June,Sunday,6,23,0,True
2025-06-09 00:00:00+00:00,Google Ads,Generic Search,2992.34,2,June,Monday,0,24,0,False
2025-06-09 00:00:00+00:00,Facebook Ads,Winter Sale,4861.86,2,June,Monday,0,24,0,False
2025-06-09 00:00:00+00:00,Tiktok Ads,Awareness Blast,2853.94,2,June,Monday,0,24,0,False
2025-06-09 00:00:00+00:00,Organic,Organic Landing,0.0,2,June,Monday,0,24,0,False
2025-06-10 00:00:00+00:00,Google Ads,Generic Search,3332.29,2,June,Tuesday,1,24,0,False
2025-06-10 00:00:00+00:00,Facebook Ads,Winter Sale,3630.87,2,June,Tuesday,1,24,0,False
2025-06-10 00:00:00+00:00,Tiktok Ads,Awareness Blast,2545.43,2,June,Tuesday,1,24,0,False
2025-06-10 00:00:00+00:00,Organic,Organic Landing,0.0,2,June,Tuesday,1,24,0,False
2025-06-11 00:00:00+00:00,Google Ads,Competitor Search,3324.01,2,June,Wednesday,2,24,0,False
2025-06-11 00:00:00+00:00,Facebook Ads,Lookalike Audience,3129.41,2,June,Wednesday,2,24,0,False
2025-06-11 00:00:00+00:00,Tiktok Ads,Awareness Blast,4555.21,2,June,Wednesday,2,24,0,False
2025-06-11 00:00:00+00:00,Organic,SEO Blog,0.0,2,June,Wednesday,2,24,0,False
2025-06-12 00:00:00+00:00,Google Ads,Generic Search,704.51,2,June,Thursday,3,24,0,False
2025-06-12 00:00:00+00:00,Facebook Ads,Winter Sale,1764.33,2,June,Thursday,3,24,0,False
2025-06-12 00:00:00+00:00,Tiktok Ads,UGC Campaign,4776.85,2,June,Thursday,3,24,0,False
2025-06-12 00:00:00+00:00,Organic,SEO Blog,0.0,2,June,Thursday,3,24,0,False
2025-06-13 00:00:00+00:00,Google Ads,Generic Search,4506.19,2,June,Friday,4,24,0,False
2025-06-13 00:00:00+00:00,Facebook Ads,Lookalike Audience,2550.46,2,June,Friday,4,24,0,False
2025-06-13 00:00:00+00:00,Tiktok Ads,UGC Campaign,3290.6,2,June,Friday,4,24,0,False
2025-06-13 00:00:00+00:00,Organic,SEO Blog,0.0,2,June,Friday,4,24,0,False
2025-06-14 00:00:00+00:00,Google Ads,Brand Search,1748.22,2,June,Saturday,5,24,0,True
2025-06-14 00:00:00+00:00,Facebook Ads,Lookalike Audience,1346.55,2,June,Saturday,5,24,0,True
2025-06-14 00:00:00+00:00,Tiktok Ads,Awareness Blast,2586.64,2,June,Saturday,5,24,0,True
2025-06-14 00:00:00+00:00,Organic,SEO Blog,0.0,2,June,Saturday,5,24,0,True
2025-06-15 00:00:00+00:00,Google Ads,Generic Search,2090.09,2,June,Sunday,6,24,0,True
2025-06-15 00:00:00+00:00,Facebook Ads,Winter Sale,3126.45,2,June,Sunday,6,24,0,True
2025-06-15 00:00:00+00:00,Tiktok Ads,Influencer Push,849.81,2,June,Sunday,6,24,0,True
2025-06-15 00:00:00+00:00,Organic,Organic Landing,0.0,2,June,Sunday,6,24,0,True
2025-06-16 00:00:00+00:00,Google Ads,Generic Search,4884.78,2,June,Monday,0,25,0,False
2025-06-16 00:00:00+00:00,Facebook Ads,Retargeting,4937.95,2,June,Monday,0,25,0,False
2025-06-16 00:00:00+00:00,Tiktok Ads,Influencer Push,3641.73,2,June,Monday,0,25,0,False
2025-06-16 00:00:00+00:00,Organic,Organic Landing,0.0,2,June,Monday,0,25,0,False
2025-06-17 00:00:00+00:00,Google Ads,Generic Search,2912.43,2,June,Tuesday,1,25,0,False
2025-06-17 00:00:00+00:00,Facebook Ads,Retargeting,1892.87,2,June,Tuesday,1,25,0,False
2025-06-17 00:00:00+00:00,Tiktok Ads,Awareness Blast,4162.08,2,June,Tuesday,1,25,0,False
2025-06-17 00:00:00+00:00,Organic,Organic Landing,0.0,2,June,Tuesday,1,25,0,False
2025-06-18 00:00:00+00:00,Google Ads,Generic Search,3581.29,2,June,Wednesday,2,25,0,False
2025-06-18 00:00:00+00:00,Facebook Ads,Retargeting,1231.78,2,June,Wednesday,2,25,0,False
2025-06-18 00:00:00+00:00,Tiktok Ads,Influencer Push,4599.17,2,June,Wednesday,2,25,0,False
2025-06-18 00:00:00+00:00,Organic,Organic Landing,0.0,2,June,Wednesday,2,25,0,False
2025-06-19 00:00:00+00:00,Google Ads,Brand Search,4201.42,2,June,Thursday,3,25,0,False
2025-06-19 00:00:00+00:00,Facebook Ads,Lookalike Audience,4774.1,2,June,Thursday,3,25,0,False
2025-06-19 00:00:00+00:00,Tiktok Ads,UGC Campaign,3765.74,2,June,Thursday,3,25,0,False
2025-06-19 00:00:00+00:00,Organic,SEO Blog,0.0,2,June,Thursday,3,25,0,False
2025-06-20 00:00:00+00:00,Google Ads,Generic Search,3260.37,2,June,Friday,4,25,0,False
2025-06-20 00:00:00+00:00,Facebook Ads,Winter Sale,2382.09,2,June,Friday,4,25,0,False
2025-06-20 00:00:00+00:00,Tiktok Ads,UGC Campaign,4697.28,2,June,Friday,4,25,0,False
2025-06-20 00:00:00+00:00,Organic,SEO Blog,0.0,2,June,Friday,4,25,0,False
2025-06-21 00:00:00+00:00,Google Ads,Competitor Search,4397.29,2,June,Saturday,5,25,0,True
2025-06-21 00:00:00+00:00,Facebook Ads,Winter Sale,703.48,2,June,Saturday,5,25,0,True
2025-06-21 00:00:00+00:00,Tiktok Ads,Influencer Push,618.65,2,June,Saturday,5,25,0,True
2025-06-21 00:00:00+00:00,Organic,SEO Blog,0.0,2,June,Saturday,5,25,0,True
2025-06-22 00:00:00+00:00,Google Ads,Brand Search,2194.09,2,June,Sunday,6,25,0,True
2025-06-22 00:00:00+00:00,Facebook Ads,Winter Sale,4147.49,2,June,Sunday,6,25,0,True
2025-06-22 00:00:00+00:00,Tiktok Ads,UGC Campaign,4942.74,2,June,Sunday,6,25,0,True
2025-06-22 00:00:00+00:00,Organic,SEO Blog,0.0,2,June,Sunday,6,25,0,True
2025-06-23 00:00:00+00:00,Google Ads,Brand Search,1176.88,2,June,Monday,0,26,0,False
2025-06-23 00:00:00+00:00,Facebook Ads,Winter Sale,3173.59,2,June,Monday,0,26,0,False
2025-06-23 00:00:00+00:00,Tiktok Ads,Awareness Blast,2214.01,2,June,Monday,0,26,0,False
2025-06-23 00:00:00+00:00,Organic,SEO Blog,0.0,2,June,Monday,0,26,0,False
2025-06-24 00:00:00+00:00,Google Ads,Competitor Search,4864.61,2,June,Tuesday,1,26,0,False
2025-06-24 00:00:00+00:00,Facebook Ads,Winter Sale,4289.54,2,June,Tuesday,1,26,0,False
2025-06-24 00:00:00+00:00,Tiktok Ads,Awareness Blast,4272.48,2,June,Tuesday,1,26,0,False
2025-06-24 00:00:00+00:00,Organic,Organic Landing,0.0,2,June,Tuesday,1,26,0,False
2025-06-25 00:00:00+00:00,Google Ads,Generic Search,2609.12,2,June,Wednesday,2,26,0,False
2025-06-25 00:00:00+00:00,Facebook Ads,Winter Sale,2366.69,2,June,Wednesday,2,26,0,False
2025-06-25 00:00:00+00:00,Tiktok Ads,UGC Campaign,1730.33,2,June,Wednesday,2,26,0,False
2025-06-25 00:00:00+00:00,Organic,SEO Blog,0.0,2,June,Wednesday,2,26,0,False
2025-06-26 00:00:00+00:00,Google Ads,Brand Search,753.69,2,June,Thursday,3,26,0,False
2025-06-26 00:00:00+00:00,Facebook Ads,Retargeting,4391.25,2,June,Thursday,3,26,0,False
2025-06-26 00:00:00+00:00,Tiktok Ads,Influencer Push,4158.05,2,June,Thursday,3,26,0,False
2025-06-26 00:00:00+00:00,Organic,SEO Blog,0.0,2,June,Thursday,3,26,0,False
2025-06-27 00:00:00+00:00,Google Ads,Generic Search,4998.73,2,June,Friday,4,26,0,False
2025-06-27 00:00:00+00:00,Facebook Ads,Lookalike Audience,4984.87,2,June,Friday,4,26,0,False
2025-06-27 00:00:00+00:00,Tiktok Ads,UGC Campaign,2999.44,2,June,Friday,4,26,0,False
2025-06-27 00:00:00+00:00,Organic,Organic Landing,0.0,2,June,Friday,4,26,0,False
2025-06-28 00:00:00+00:00,Google Ads,Generic Search,3960.44,2,June,Saturday,5,26,0,True
2025-06-28 00:00:00+00:00,Facebook Ads,Lookalike Audience,4751.45,2,June,Saturday,5,26,0,True
2025-06-28 00:00:00+00:00,Tiktok Ads,Influencer Push,4323.41,2,June,Saturday,5,26,0,True
2025-06-28 00:00:00+00:00,Organic,SEO Blog,0.0,2,June,Saturday,5,26,0,True
2025-06-29 00:00:00+00:00,Google Ads,Competitor Search,1613.07,2,June,Sunday,6,26,0,True
2025-06-29 00:00:00+00:00,Facebook Ads,Lookalike Audience,2527.45,2,June,Sunday,6,26,0,True
2025-06-29 00:00:00+00:00,Tiktok Ads,UGC Campaign,1081.22,2,June,Sunday,6,26,0,True
2025-06-29 00:00:00+00:00,Organic,SEO Blog,0.0,2,June,Sunday,6,26,0,True
2025-06-30 00:00:00+00:00,Google Ads,Brand Search,4793.23,2,June,Monday,0,27,0,False
2025-06-30 00:00:00+00:00,Facebook Ads,Lookalike Audience,3227.79,2,June,Monday,0,27,0,False
2025-06-30 00:00:00+00:00,Tiktok Ads,Awareness Blast,1528.89,2,June,Monday,0,27,0,False
2025-06-30 00:00:00+00:00,Organic,SEO Blog,0.0,2,June,Monday,0,27,0,False
